Profissao de Dublador Ameacada pela IA,Pergunta 1,a
Profissao de Dublador Ameacada pela IA,Pergunta 2,a
Profissao de Dublador Ameacada pela IA,Pergunta 3,a
Profissao de Dublador Ameacada pela IA,Pergunta 4,a
Profissao de Dublador Ameacada pela IA,Pergunta 5,a
Profissao de Dublador Ameacada pela IA,Pergunta 6,b
Profissao de Dublador Ameacada pela IA,Pergunta 7,b
Profissao de Dublador Ameacada pela IA,Pergunta 8,b
Profissao de Dublador Ameacada pela IA,Pergunta 9,b
Profissao de Dublador Ameacada pela IA,Pergunta 10,b
150 Anos de Santos Dumont,Pergunta 1,a
150 Anos de Santos Dumont,Pergunta 2,a
150 Anos de Santos Dumont,Pergunta 3,a
150 Anos de Santos Dumont,Pergunta 4,a
150 Anos de Santos Dumont,Pergunta 5,a
150 Anos de Santos Dumont,Pergunta 6,a
150 Anos de Santos Dumont,Pergunta 7,a
150 Anos de Santos Dumont,Pergunta 8,a
150 Anos de Santos Dumont,Pergunta 9,a
150 Anos de Santos Dumont,Pergunta 10,a
